,precision_score,balanced_accuracy_score,dcg_score,dcg_score_at_k,f1_score,jaccard_score,ndcg_score,ndcg_at_k_score,precision_score_weighted,sections_list,N
0,0.7125890736342043,0.5,43.91661761995337,2.101039752170588,0.5930006160617511,0.7125890736342043,0.926924282886231,0.7125890736342042,0.5077831878628535,latest_news,421
1,1.0,1.0,8.959731955258784,2.948459118879392,1.0,1.0,1.0,0.9999999999999999,1.0,hybrid,29
2,0.8867924528301887,0.5,11.902090703836564,2.6146712941005927,0.8335849056603774,0.8867924528301887,0.9624731217612784,0.8867924528301886,0.7864008543965825,content_categories,53
3,0.8666666666666667,0.5,14.797455318841656,2.55533123636214,0.8047619047619048,0.8666666666666667,0.9577563562886804,0.8666666666666666,0.7511111111111112,content_keywords,75
4,0.9019607843137255,0.5,19.155930156426678,2.6593944993814125,0.8554679603800284,0.9019607843137255,0.971012499733012,0.9019607843137254,0.8135332564398309,user_svd,102
5,0.8260869565217391,0.5,6.363910579308621,2.4356836199438456,0.7474120082815735,0.8260869565217391,0.9341385554903661,0.826086956521739,0.6824196597353497,user_classifier,23
6,1.0,1.0,3.304666305987414,2.948459118879392,1.0,1.0,1.0,1.0,1.0,content_based,6
7,0.7535744322960471,0.5,106.86614094957747,2.221883406657641,0.6476764425297442,0.7535744322960471,0.9492803148247654,0.753574432296047,0.5678744250103097,user_mix_evaluation,1189
